,title,url
0,Pythonかんたん文字列処理（ルビ付きHTML出力）,https://crowdworks.jp/public/jobs/6083243
1,画像を認識して結果をSlackへ投稿するスクリプト作成 (SJTS),https://crowdworks.jp/public/jobs/6082469
2,AmazonのSP-APIを利用した情報取得,https://crowdworks.jp/public/jobs/6081273
3,住まいに関する資金のシュミレーションプログラムのビジネスロジックモジュール開発の依頼,https://crowdworks.jp/public/jobs/6079067
4,リスト作成をお願いします！（複数名採用）,https://crowdworks.jp/public/jobs/6075623
5,SNS自動投稿システムの構築,https://crowdworks.jp/public/jobs/6074796
6,Twitterフォロワーリスト作成をお願いします！（複数名採用）,https://crowdworks.jp/public/jobs/6074681
7,データ分析・集計・加工、データ分析基盤構築できる方募集,https://crowdworks.jp/public/jobs/6074664
8,"Python,Seleniumを利用したスクレピングツールの開発依頼",https://crowdworks.jp/public/jobs/6074061
9,AliExpressの商品データ情報を自動取得するツールの作成,https://crowdworks.jp/public/jobs/6069160
10,マッチングサイト,https://crowdworks.jp/public/jobs/2184092
11,マッチングサイト,https://crowdworks.jp/public/jobs/2181425
12,GASまたはサーバレスアーキテクチャを用いた、クローラー・スクレイピングの実装 UIはスプレッドシートのみ,https://crowdworks.jp/public/jobs/6068780
13,【フルリーモート＆副業】Dockerを使ったインフラに詳しい方お助けください。,https://crowdworks.jp/public/jobs/6067369
14,【完全在宅/副収入◎/教育】 Python/AI学習をサポートするメンター（講師）業務の募集！（※Pythonのみ応募も可）,https://crowdworks.jp/public/jobs/6064560
15,動画配信サイト構築のデザイン組み込み,https://crowdworks.jp/public/jobs/2066925
16,マッチングアプリ制作,https://crowdworks.jp/public/jobs/2471514
17,フリマ構築CMSを使ったフリマサイトカスタマイズ,https://crowdworks.jp/public/jobs/2427982
18,Mallentoを使ったマッチングサイトカスタマイズ,https://crowdworks.jp/public/jobs/2330230
19,CakePHPで構築されたCMSへのデザイン組み込み,https://crowdworks.jp/public/jobs/4372228
20,Mallento（マレント）へのデザイン組み込み,https://crowdworks.jp/public/jobs/4346369
21,【MAC】マニュアル作成（システムの設定と操作方法）,https://crowdworks.jp/public/jobs/6062904
22,ラズベリーパイの開発案件、組込とpythonに詳しい方お願いします。,https://crowdworks.jp/public/jobs/6054213
23,ArtGridから、ジャンルごとに動画素材をダウンロードし、googleドライブにアップロードする,https://crowdworks.jp/public/jobs/5944058
24,[不動産AI物件評価システムの開発],https://crowdworks.jp/public/jobs/6049300
25,Amazon SP-APIを使用した情報取得,https://crowdworks.jp/public/jobs/6043169
26,【フルリーモート＆副業】Saasシステムの要件定義と開発のマネージメント,https://crowdworks.jp/public/jobs/6043120
27,OpenCVを使った画像処理ソフトの設計検討,https://crowdworks.jp/public/jobs/6081614
28,Python（他のご提案も歓迎）単体スクリプト、テキストを検索し、キーワードの有無を判定【リモートOK】,https://crowdworks.jp/public/jobs/6073162
29,【Python】Chatworkバックアップツール作成,https://crowdworks.jp/public/jobs/6072778
30,大人になってから趣味として「プログラミング」を始めた方、その魅力を教えて下さい,https://crowdworks.jp/public/jobs/6065007
31,株情報サイトの更新チェック,https://crowdworks.jp/public/jobs/6059632
32,【Pythonで簡単】GCPから出力された、responseデータを、Dictとjsonに変換！,https://crowdworks.jp/public/jobs/6058567
33,ネットワーク分析に興味があるひと！！！,https://crowdworks.jp/public/jobs/6058391
34,Python3で制作・運用中Webアプリ2つの引き継ぎ・追加開発,https://crowdworks.jp/public/jobs/6055190
35,Binance apiを使用したbotの作成,https://crowdworks.jp/public/jobs/6051323
36,証券会社にログインして、検索して数字をひっぱってくるシステム,https://crowdworks.jp/public/jobs/6046420
37,メルカリ、ヤフオクからのアイテム検出ツールを作成してほしいです。,https://crowdworks.jp/public/jobs/6042764
38,メルカリ、ヤフオクからのアイテム検出ツールを作成してほしいです。,https://crowdworks.jp/public/jobs/6041635
39,機械学習（AI）を活用した、エンジニアの学習者向け技術ブログの作成,https://crowdworks.jp/public/jobs/5696899
40,Pythonのオンライン指導,https://crowdworks.jp/public/jobs/6040755
41,オンライン ショップ ネット shop 通販 サイト 自動購入 Bot作成依頼 ツール システム 開発 拡張機能,https://crowdworks.jp/public/jobs/4752384
42,【機械学習・画像分類】画像から数値データ化を行う,https://crowdworks.jp/public/jobs/6037868
43,【スクレイピング】情報収集ツール作成作業,https://crowdworks.jp/public/jobs/6037516
44,各種運用中のWebサイト（CentOS/MySQL/PHP等）の新規機能追加、機能修正、バグ対応等,https://crowdworks.jp/public/jobs/6037060
45,【在宅OK】メディア関連の開発・解析のプログラマ・エンジニア(実務未経験可・子育てママパパ大歓迎),https://crowdworks.jp/public/jobs/6036512
46,WEBシステム開発のご経験者募集,https://crowdworks.jp/public/jobs/6034337
47,"Pythonで構築したシステムをVisualStudio(C#,C++など）で扱えるライブラリ化（DLL）コンサルティング",https://crowdworks.jp/public/jobs/6031550
48,テレコム系システムのプログラム開発,https://crowdworks.jp/public/jobs/6031835
49,データベースサイトからスクレイピングとPDFのダウンロード,https://crowdworks.jp/public/jobs/6031054
50,【0.5人月程度】NUXT.jsを使ったwebアプリ開発+Pythonでのバックエンド開発/オフショアOK,https://crowdworks.jp/public/jobs/6025795
51,画像解析プログラム作成,https://crowdworks.jp/public/jobs/6025545
52,【未経験可】エンジニア向けの記事を執筆してください【1記事1000円】,https://crowdworks.jp/public/jobs/6025743
53,【完全在宅/副収入◎/教育】Unity学習をサポートするメンター（講師）業務の募集！,https://crowdworks.jp/public/jobs/6023795
54,グーグルで検索したときに表示される店舗情報を抽出,https://crowdworks.jp/public/jobs/6020986
55,WEBアプリのWEBデザイン〜コーディングまでのお仕事。PC/タブレット/スマホ レスポンシブ対応画面の制作,https://crowdworks.jp/public/jobs/6020737
56,LaravelによるWEBアプリ開発のお仕事｜プロフェッショナル求む,https://crowdworks.jp/public/jobs/6020714
57,MAツール（マーケティングオートメーションツール） に関する記事を書くお仕事【継続依頼案件】,https://crowdworks.jp/public/jobs/6019653
58,twitter分析ページ作成,https://crowdworks.jp/public/jobs/6019206
59,Filemaker に関する記事を書くお仕事【継続依頼案件】,https://crowdworks.jp/public/jobs/6016436
60,マッチングサイトパッケージのカスタマイズ、デザインとコーディング、アプリ,https://crowdworks.jp/public/jobs/6015890
61,Pythonを使ったシステムの作り方を教えてください。,https://crowdworks.jp/public/jobs/5863218
62,Ruby on Railsに関する記事を書くお仕事【継続依頼案件】,https://crowdworks.jp/public/jobs/6015681
63,Pythonでのクローラ開発とクロール,https://crowdworks.jp/public/jobs/6015521
64,Instagram apiを用いたダッシュボード開発,https://crowdworks.jp/public/jobs/6012967
65,顧客SNSパスワードの暗号化受信及びシステムへのパスワード復号化,https://crowdworks.jp/public/jobs/6012958
66,【完全在宅/副収入◎/教育】 Python/AI学習をサポートするメンター（講師）業務の募集！（※Pythonのみ応募も可）,https://crowdworks.jp/public/jobs/6013223
67,【競馬】netkeiba.comから払戻データをcsvに変換してほしいです,https://crowdworks.jp/public/jobs/6011584
68,Pythonで簡単なパズルゲームの作成,https://crowdworks.jp/public/jobs/6005948
69,画像取得・処理アプリケーションの開発依頼,https://crowdworks.jp/public/jobs/6005229
70,スマートフォンアプリの開発　リモート可,https://crowdworks.jp/public/jobs/6001596
71,【短期契約】プログラミング言語に関するブログ記事作成【時間優遇】,https://crowdworks.jp/public/jobs/5998391
72,ツリー構造のコーパスデータを読み取り、可視化する。,https://crowdworks.jp/public/jobs/5996857
73,画像データの色別集計プログラムの作成,https://crowdworks.jp/public/jobs/5992729
74,会員サイト内からデータを抽出するWebスクレイピングツールの作成,https://crowdworks.jp/public/jobs/5991783
75,求人要件にマッチした候補者（エンジニア）を指定された採用メディアから見つけ出すお仕事,https://crowdworks.jp/public/jobs/5988865
76,＜プログラミング＞学習教材用にプログラミング教材の作成を行っていただける方募集しています！＜エンジニアのご経験のある方＞,https://crowdworks.jp/public/jobs/5988871
77,＜プログラミング＞学習教材用にプログラミング教材の作成を行っていただける方募集しています！＜エンジニアのご経験のある方＞,https://crowdworks.jp/public/jobs/5986535
78,Nuxt.js + GraphQLを利用したフロントエンド開発,https://crowdworks.jp/public/jobs/5988249
79,【長期継続／毎月10万〜30万】WEBデザイナー様・コーダー様を募集,https://crowdworks.jp/public/jobs/5987658
80,AIモデルのフレームワークの書き換え作業（Tensor flow ver1→pytorch）,https://crowdworks.jp/public/jobs/5987388
81,【長期案件：パートナー募集】当社システムの保守および開発を長く携わって頂ける方,https://crowdworks.jp/public/jobs/5985815
82,cloud functionsコードの作成,https://crowdworks.jp/public/jobs/5985782
83,【Python】BUYMA（バイマ）用 画像合成ツールの開発 OpenCV,https://crowdworks.jp/public/jobs/5913816
84,Selenium・Pythonを応用した在庫・価格管理プログラムの開発依頼,https://crowdworks.jp/public/jobs/5983496
85,【未経験可】エンジニア向けの記事を執筆してください【1記事1000円】,https://crowdworks.jp/public/jobs/5982460
86,【未経験可】エンジニア向けの記事を執筆してください【1記事1000円】,https://crowdworks.jp/public/jobs/5982428
87,プログラマーの募集です。,https://crowdworks.jp/public/jobs/5979787
88,スタートアップ企業のアプリのアップデート〜運用をしませんか？（大阪案件！）,https://crowdworks.jp/public/jobs/5978994
89,Likedinスクレイピング メッセージ送信機能,https://crowdworks.jp/public/jobs/5978206
90,selenium( Python)でのインスタグラム自動化システムのWEBサービス化をお願いします。,https://crowdworks.jp/public/jobs/5974184
91,新規アプリ製作に関してのWEBアプリデザイン全般,https://crowdworks.jp/public/jobs/5953067
92,PythonにてECサイトをスクレイピングする機能,https://crowdworks.jp/public/jobs/5971825
93,【完全在宅】Python研修の学習サポートをするメンター（講師）業務の募集！,https://crowdworks.jp/public/jobs/5969764
94,【5000円/h〜】ハイレベルなWebコーディング（フロントエンドエンジニア可）,https://crowdworks.jp/public/jobs/5968850
95,【継続あり】プログラミング言語に関するブログ記事作成【時間優遇】,https://crowdworks.jp/public/jobs/5967043
96,ECサイトの自動出品プログラムを開発いただきたいです,https://crowdworks.jp/public/jobs/5966113
97,キーワードをGoogle検索してAmazon内のASINを抽出する、アプリケーションの開発,https://crowdworks.jp/public/jobs/5962778
98,【Python/Ruby/プログラミング/機械学習ができる人募集/昇給あり】1記事2000円スタート！タイトルに沿ったAI（人工知能）の内容を調...,https://crowdworks.jp/public/jobs/5523011
99,【完全在宅/副収入◎/教育】 Python/AI学習をサポートするメンター（講師）業務の募集！（※Pythonのみ応募も可）,https://crowdworks.jp/public/jobs/5962303
100,【完全在宅/副収入◎/教育】Unity学習をサポートするメンター（講師）業務の募集！,https://crowdworks.jp/public/jobs/5962295
101,"【Selenium,Python】Amazon情報からECサイトへ出品するプログラムの開発依頼",https://crowdworks.jp/public/jobs/5961291
102,【Python3.8/FastAPI】pythonエンジニア募集します,https://crowdworks.jp/public/jobs/5960665
103,PythonやRを使用してのテキストデータ分析,https://crowdworks.jp/public/jobs/5960964
104,ヤフオク！ストア・楽天・ヤフーショッピング・AUPayマーケットの連携プログラムの開発,https://crowdworks.jp/public/jobs/5959919
105,グーグルスプレッドシートに特定のサイトの情報を出力するスクリプトの作成,https://crowdworks.jp/public/jobs/5958916
106,pythonの学習するコツを教えて下さい！,https://crowdworks.jp/public/jobs/5958570
107,Twitter自動化ツール,https://crowdworks.jp/public/jobs/5955289
108,【急募！】ファッション特化型マッチングWEBサイト構築のご依頼について,https://crowdworks.jp/public/jobs/5951033
109,STM32用のwinアプリ開発及びSTM32のUSBオーディオデバイスクラスの実装,https://crowdworks.jp/public/jobs/5950324
110,【完全在宅リモート可/高単価（時給5500円）】深層学習（画像認識・物体検出、セグメンテーション）エンジニアオンライン講師,https://crowdworks.jp/public/jobs/5949096
111,pythonを使ってLINE Notifyへ通知,https://crowdworks.jp/public/jobs/5945712
112,経済関連のウェブサイトからデータ収集(大学生・大学院生のみの募集）,https://crowdworks.jp/public/jobs/5943341
113,"継続契約あり！【1名のみ！ 1文字1円/3,000~5,000文字】「小学生向けのプログラミング情報」をテーマに記事作成",https://crowdworks.jp/public/jobs/5943309
114,Pythonでクローラーを作成する,https://crowdworks.jp/public/jobs/5943171
115,PDF情報からアニメーション作成,https://crowdworks.jp/public/jobs/5943020
116,pythonを利用したインスタボットのWebアプリをサーバー上で動くように設定お願いします。,https://crowdworks.jp/public/jobs/5936960
117,【未経験可】エンジニア向けの記事を執筆してください【1記事1000円】,https://crowdworks.jp/public/jobs/5934679
118,"Python, Flutter　を用いた新規WEBアプリのリリース開発補助スタッフ募集！！",https://crowdworks.jp/public/jobs/5896651
119,Selenium・PythonでECサイトをクローリングするプログラムの開発依頼,https://crowdworks.jp/public/jobs/5930562
120,【12月中に15本の記事発注】フリーランスや個人事業主に関するテーマでのライターさま募集中！,https://crowdworks.jp/public/jobs/5929051
121,"【Webスクレイピング】メルカリ、ヤフオクの在庫監視ツールの開発の依頼　Python,VBA",https://crowdworks.jp/public/jobs/5927532
122,Python 自動取得 アマゾンページ取得 作成ツール シンプル,https://crowdworks.jp/public/jobs/5926494
123,継続案件（物販ツール）とあるサイトにての価格と在庫を取得しサイトに自動反映,https://crowdworks.jp/public/jobs/5920944
124,【完全在宅/副収入◎/教育】iPhoneアプリ制作学習をサポートするメンター（講師）業務の募集！,https://crowdworks.jp/public/jobs/5920086
125,【完全在宅/副収入◎/教育】 Python/AI学習をサポートするメンター（講師）業務の募集！（※Pythonのみ応募も可）,https://crowdworks.jp/public/jobs/5920071
126,【スクレイピング】ハローワーク掲載の求人情報を取得してCSVで納品をお願いします！,https://crowdworks.jp/public/jobs/5919330
127,バックエンドdjangoとフロントエンドvue.jsでの作成,https://crowdworks.jp/public/jobs/5918996
128,【GAS・Python推奨】指定したYouTubeチャンネルの動画一覧データをスプレッドシートに取得するシステムを作りたい！,https://crowdworks.jp/public/jobs/5918629
129,人事評価システムのデザイン＆開発（一式）,https://crowdworks.jp/public/jobs/5915617
130,求人サービスでの地図選択機能の追加,https://crowdworks.jp/public/jobs/5914748
131,YouTube動画２本の編集（カット/SE/テロップ等）とサムネイル作成をお願いします,https://crowdworks.jp/public/jobs/5914135
132,【Python】BUYMA（バイマ）用 自動出品ツールの開発,https://crowdworks.jp/public/jobs/5913723
133,PDF資料データを、文字認識して、CSV化,https://crowdworks.jp/public/jobs/5913065
134,【週1/4時間】プログラミング教室の講師募集,https://crowdworks.jp/public/jobs/5912320
135,パイソンできる人、必見！IT営業募集します。,https://crowdworks.jp/public/jobs/5906430
136,PythonプログラムのVBAへの作り替え,https://crowdworks.jp/public/jobs/5905278
137,無限スクロールあるサイトからのURLスクレイピングツールの作成,https://crowdworks.jp/public/jobs/5903447
138,自社プロダクトへのPython/FlaskまたはDjangoによるGoogle連携の実装,https://crowdworks.jp/public/jobs/5900857
139,【経験者求む！】印刷システムの開発。完全リモートの開発案件です windows用 スタンドアロンソフト,https://crowdworks.jp/public/jobs/5900773
140,ConoHa VPS（Kusanagi環境）におけるWordPress スクリプト,https://crowdworks.jp/public/jobs/5897579
141,"Web開発技術の講師募集【HTML/CSS＆JavaScript, PHP, Webデザイン】",https://crowdworks.jp/public/jobs/5892979
142,既存サイト（django）のエラー原因を教えてください。【2022-11-15】,https://crowdworks.jp/public/jobs/5895868
143,selenium( Python)でのインスタグラム自動化システムのWEBサービス化をお願いします。,https://crowdworks.jp/public/jobs/5895370
144,ソケット通信による外部入力をリアルタイムでグラフ表示するシステム開発,https://crowdworks.jp/public/jobs/5895028
145,簡単なデータ入力のプログラムが作れる方,https://crowdworks.jp/public/jobs/5892574
146,【経験者求む！】印刷システムの開発。完全リモートの開発案件です windows用 スタンドアロンソフト,https://crowdworks.jp/public/jobs/5890702
147,【未経験可】エンジニア向けの記事を執筆してください【1記事1000円】,https://crowdworks.jp/public/jobs/5890648
148,Excel VBAを使用した既存のヤフーオークションツールの改良,https://crowdworks.jp/public/jobs/5889651
149,Pythonを使ったCSVの加工,https://crowdworks.jp/public/jobs/5889312
150,python + mysql で　コード登録しています。,https://crowdworks.jp/public/jobs/5883436
151,クラウドサーバーでブラウザを自動操作するプログラムの制作,https://crowdworks.jp/public/jobs/5879233
152,業務の自動化ツールの作成,https://crowdworks.jp/public/jobs/5877900
153,Selenium・PythonでECサイトをクローリングするプログラムの開発依頼,https://crowdworks.jp/public/jobs/5878291
154,監視システム構築依頼（Pacemaker Corosync等でサーバー冗長）,https://crowdworks.jp/public/jobs/5872084
155,Python、ReactNative 　or Flutter　を用いた新規WEBアプリのリリース開発補助スタッフ募集！！,https://crowdworks.jp/public/jobs/5865770
156,Djangoアプリの改修,https://crowdworks.jp/public/jobs/5875509
157,在庫価格チェックツール作成（python）,https://crowdworks.jp/public/jobs/5875131
158,【時給2500円 〜 4500円／フルリモート】SalesTechベンチャーで新サービスを開発したいReactエンジニアを募集！,https://crowdworks.jp/public/jobs/5874500
159,プログラミング学習サービスの立ち上げ、AI・ディープラーニング教材の制作,https://crowdworks.jp/public/jobs/5871241
160,【完全在宅/副収入◎/教育】 Python/AI学習をサポートするメンター（講師）業務の募集！（※Pythonのみ応募も可）,https://crowdworks.jp/public/jobs/5871280
161,【完全在宅/副収入◎/教育】iPhoneアプリ制作学習をサポートするメンター（講師）業務の募集！,https://crowdworks.jp/public/jobs/5871269
162,【完全在宅/副収入◎/教育】Unity学習をサポートするメンター（講師）業務の募集！,https://crowdworks.jp/public/jobs/5871268
163,Pythonスクリプトを使ってフォルダ内のcsvファイルを一括に改変し、拡張子やネームを変更してもらうためのコードを作ってもらいます。,https://crowdworks.jp/public/jobs/5870303
164,Djangoでログインページを作成,https://crowdworks.jp/public/jobs/5857882
165,（Python）　楽天 RAPID APIを使用したGOOGLEシートへの転記プログラムの作成,https://crowdworks.jp/public/jobs/5867907
166,アダルト会社のHP更新、集客など,https://crowdworks.jp/public/jobs/5867670
167,業務改善インターナルWebシステム開発,https://crowdworks.jp/public/jobs/5867600
168,"【急募】ebayの既存自社リサーチツールの改修(GAS,エクセルVBA、python、API)",https://crowdworks.jp/public/jobs/5865552
169,経済関連のウェブサイトからデータ収集・整理の作業 (経済学部卒の方を優先したいです）,https://crowdworks.jp/public/jobs/5865545
170,経済関連のウェブサイトからデータ収集・整理 (大学生・大学院生のみの募集）,https://crowdworks.jp/public/jobs/5864465
171,Python、Reactを用いた新規WEBアプリのリリース開発補助スタッフ,https://crowdworks.jp/public/jobs/5863789
172,python、seleniumを使ってiPhoneでブラウザを自動で操作するプログラム,https://crowdworks.jp/public/jobs/5863608
173,【完全在宅リモート可/高単価（時給5000円）】機械学習エンジニアオンライン講師,https://crowdworks.jp/public/jobs/5859825
174,Webサイトのスクレイピングについて教えていただける方,https://crowdworks.jp/public/jobs/5857477
175,PHPを用いた既存WEBアプリの長期を見込んだ開発補助,https://crowdworks.jp/public/jobs/5857208
176,【10万円/月】【フルリモート】【継続あり】Nuxt.js (+一部Firebase)環境のプログラム開発/修正,https://crowdworks.jp/public/jobs/5857386
177,【未経験可】エンジニア向けの記事を執筆してください【1記事1000円】,https://crowdworks.jp/public/jobs/5854703
178,Pythonによる折れ線グラフ解析モジュールの修正,https://crowdworks.jp/public/jobs/5852153
179,週3～5、急成長サービスのWebアプリケーション開発チームにジョインして頂ける方募集,https://crowdworks.jp/public/jobs/5851362
180,e-learningシステムのシステム構築（リプレース）,https://crowdworks.jp/public/jobs/5850820
181,python製CMS　mezzanineのデプロイ（digital ocean）,https://crowdworks.jp/public/jobs/5850422
182,ツール作成（python）,https://crowdworks.jp/public/jobs/5849071
183,【急募】AIヘルスケアアプリ システムエンジニア,https://crowdworks.jp/public/jobs/5847707
184,【急募】AIエンジニア,https://crowdworks.jp/public/jobs/5847699
185,pythonもしくはvisualbasicを用いて重回帰分析のプログラムを組んでいただきたいです。,https://crowdworks.jp/public/jobs/5847522
186,Python とTwitter API を使用して特定キーワードの絵文字をカウント,https://crowdworks.jp/public/jobs/5846935
187,webサイトの内容を完成させて欲しいです。,https://crowdworks.jp/public/jobs/5843395
188,【Excel＋Python】エクセルで条件を指定し、専用アプリでデモ口座にログインしてcsvファイルをダウンロード,https://crowdworks.jp/public/jobs/5834903
189,ECサイトから抽出した情報をオンラインサイトへ自動入力できるシステムの開発,https://crowdworks.jp/public/jobs/5838092
190,webサイトの内容を完成させて欲しいです。,https://crowdworks.jp/public/jobs/5837731
191,※電話で完結【対象：Pythonエンジニアで事業会社に勤めた経験がある方】業務内容や転職動機に関するインタビュー,https://crowdworks.jp/public/jobs/5836640
192,RまたはPythonによる図表作成,https://crowdworks.jp/public/jobs/5836625
193,仮想通貨アービトラージシステムの保守メンテ、追加機能開発等の開発案件(フルリモート),https://crowdworks.jp/public/jobs/5835383
194,Djangoを使った簡単なアプリ開発（途中、素材等用意あります）,https://crowdworks.jp/public/jobs/5834713
195,FX会社のAPIを利用した価格取得システム,https://crowdworks.jp/public/jobs/5831302
196,Pythonを利用したWEBクローリングシステムの開発依頼,https://crowdworks.jp/public/jobs/5830099
197,組み込み系の電子回路基板の開発,https://crowdworks.jp/public/jobs/5828687
198,【完全在宅/副収入◎/教育】iPhoneアプリ制作学習をサポートするメンター（講師）業務の募集！,https://crowdworks.jp/public/jobs/5828827
199,【完全在宅/副収入◎/教育】Unity学習をサポートするメンター（講師）業務の募集！,https://crowdworks.jp/public/jobs/5828824
200,【完全在宅/副収入◎/教育】 Python/AI学習をサポートするメンター（講師）業務の募集！（※Pythonのみ応募も可）,https://crowdworks.jp/public/jobs/5828817
201,【かんたん】Pythonコードの作成,https://crowdworks.jp/public/jobs/5827748
202,【Python】トラブルの解決方を教えてください。,https://crowdworks.jp/public/jobs/5827388
203,画像背景の削除プログラム,https://crowdworks.jp/public/jobs/5826174
204,【かんたん】Pythonスクリプトの改変,https://crowdworks.jp/public/jobs/5825687
205,pythonを使った自動取得ツール,https://crowdworks.jp/public/jobs/5823585
206,FC2コンテンツマーケットへの自動投稿システム,https://crowdworks.jp/public/jobs/5822006
207,【フルリモート/在宅】SaaS 開発 エンジニア募集,https://crowdworks.jp/public/jobs/5821948
208,【週1/4時間】プログラミング教室の講師募集,https://crowdworks.jp/public/jobs/5817823
209,【フルリモート】AmazonのSEO順位調査（スクレイピング）ツール,https://crowdworks.jp/public/jobs/5817925
210,"PX4/Autopilot, dronekit, Raspberry Pi, obniz 等を用いたローバーと巨大ドローン開発プロジェクトの、プログラマー的な見知で...",https://crowdworks.jp/public/jobs/5731439
211,プログラミングスクール会員募集のチラシ作成,https://crowdworks.jp/public/jobs/5813573
212,Anvil 開発 web アプリのフロントエンド (HTML/CSS) コーディング,https://crowdworks.jp/public/jobs/5809091
213,【WEBエンジニア】業務システムの開発メンバー【フルリモートOK】,https://crowdworks.jp/public/jobs/5812897
214,継続的に案件を受けて頂けるWordpress及びサーバーサイドエンジニア募集中！,https://crowdworks.jp/public/jobs/5812752
215,【時給2000円 〜 4000円／フルリモート】GoogleのOAuth申請審査対応経験者募集！！,https://crowdworks.jp/public/jobs/5812489
216,Ｗｅｂ解析アプリケーションの作成依頼,https://crowdworks.jp/public/jobs/5811808
217,ネットサービスとのSOAP over HTTPを使ったアプリケーション開発,https://crowdworks.jp/public/jobs/5811898
218,Ｒ言語で書かれたスクリプトのPythonへの変換（データ解析）,https://crowdworks.jp/public/jobs/5810752
219,近々爆上げが期待できるダブルバガー～テンバガー候補銘柄の自動抽出ツール,https://crowdworks.jp/public/jobs/5809524
220,FC2コンテンツマーケットへの自動投稿システム,https://crowdworks.jp/public/jobs/5809015
221,【経験者求む！】印刷システムの開発。完全リモートの開発案件です　python exeファイル スタンドアロンソフト,https://crowdworks.jp/public/jobs/5807703
222,【要スキル！】クラウド会計システム構築【PYTHON＆MYSQL】,https://crowdworks.jp/public/jobs/5806819
223,【アドバイス料3000円】xserverでのdjangoデプロイ方法がわかる方教えて下さい,https://crowdworks.jp/public/jobs/5805865
224,【完全在宅】データサイエンス・機械学習をサポートして頂けるメンター募集！,https://crowdworks.jp/public/jobs/5803272
225,ＯＡＮＤＡ　ＡＰＩでの自動売買システム開発,https://crowdworks.jp/public/jobs/5801392
226,Pythonを利用したWEBクローリングシステムの開発依頼,https://crowdworks.jp/public/jobs/5801740
227,【かんたん】Pythonスクリプトの作成,https://crowdworks.jp/public/jobs/5800924
228,ドラマ台本のテキストマイニングをお願いします。,https://crowdworks.jp/public/jobs/5800664
229,【時給2000円 〜 4000円／フルリモート】Gmailと連携するChrome拡張エンジニア募集！,https://crowdworks.jp/public/jobs/5798928
230,【未経験者や主婦求む】Webライティング技術を学べるマニュアル付きのお仕事。文章作成のみ１記事５００円。,https://crowdworks.jp/public/jobs/5798683
231,Dialogflowを使ったチャットボットの開発依頼,https://crowdworks.jp/public/jobs/5798824
232,ディープラーニングモデルを使用した米国株価専門の未来予測のアンドロイドアプリを作製してほしいです。,https://crowdworks.jp/public/jobs/5795037
233,ロボット制御を行うためUI開発を行うソフトウェアエンジニア募集！,https://crowdworks.jp/public/jobs/5792912
234,Amazon商品ページのスクレイピングツール作成依頼,https://crowdworks.jp/public/jobs/5792229
235,【機械学習エンジニア】業務システムの開発メンバー【フルリモートOK】,https://crowdworks.jp/public/jobs/5790986
236,Rを使用してのテキストデータ収集と分析のまとめ,https://crowdworks.jp/public/jobs/5789947
237,【未経験可】エンジニア向けの記事を執筆してください【1記事1000円】,https://crowdworks.jp/public/jobs/5788742
238,プログラミングに関する動画のトークスクリプト作成｜ライターや現役エンジニアの方も大活躍中,https://crowdworks.jp/public/jobs/5736641
239,MIDIからmp3やwavを作るdawのソースコードがほしい,https://crowdworks.jp/public/jobs/5786505
240,Amazon　AWSを利用したPythonが使えるサーバーの構築,https://crowdworks.jp/public/jobs/5786388
241,SMS送受信するシステム開発依頼,https://crowdworks.jp/public/jobs/5782908
242,PythoneでSNS自動ツールの作成（GitHubからcloneまたはforkしてOK）,https://crowdworks.jp/public/jobs/5782361
243,こちらの用意したEC2サーバー(arm版)上でdocker-composeが動くまでの手順書が欲しい。,https://crowdworks.jp/public/jobs/5778337
244,【初心者可】【FX】自動売買アルゴリズムの作成,https://crowdworks.jp/public/jobs/5461871
245,Pythonによるニュースキュレーションシステムの開発,https://crowdworks.jp/public/jobs/5776355
246,【iOSアプリ】バーコード読み取り→プロダクトページに遷移までの開発業務,https://crowdworks.jp/public/jobs/5776070
247,【継続あり】データ収集装置のプロトタイプ作成,https://crowdworks.jp/public/jobs/5775195
248,【完全在宅/副収入◎/教育】Unity学習をサポートするメンター（講師）業務の募集！,https://crowdworks.jp/public/jobs/5775313
249,【完全在宅/副収入◎/教育】 Python/AI学習をサポートするメンター（講師）業務の募集！（※Pythonのみ応募も可）,https://crowdworks.jp/public/jobs/5775308
250,【完全在宅/副収入◎/教育】iPhoneアプリ制作学習をサポートするメンター（講師）業務の募集！,https://crowdworks.jp/public/jobs/5775303
251,【PC操作の自動化】ヤフオクの操作の自動化をお願いします【ひたすら同じ操作の繰り返し】,https://crowdworks.jp/public/jobs/5763033
252,スクレイピングの実装ができる方、募集！,https://crowdworks.jp/public/jobs/5774268
253,インスタ自動いいねツールの改善,https://crowdworks.jp/public/jobs/5768518
254,Pythonによるニュースキュレーションシステムの開発,https://crowdworks.jp/public/jobs/5406336
255,【VueJS】週3～5、開発チームにジョインして頂けるフロントエンドエンジニア,https://crowdworks.jp/public/jobs/5766762
256,【WEBエンジニア】業務システムの開発メンバー【フルリモートOK】,https://crowdworks.jp/public/jobs/5766027
257,【WEB系技術まとめ記事の作成】ブログ感覚でできるライター募集☆ライター未経験者歓迎！経験者優遇あり！,https://crowdworks.jp/public/jobs/4759478
258,【ITエンジニア初心者向けに、フレームワークやライブラリ、基礎知識などを記事にできる人】ブログ感覚でできるライター募集☆ライター...,https://crowdworks.jp/public/jobs/5654015
259,ブロックチェーン技術のプログラミングについてのブログ記事★ライター未経験者歓迎！経験者優遇あり！,https://crowdworks.jp/public/jobs/5735899
260,Pythonでのプログラミングについてのブログ記事★ライター未経験者歓迎！経験者優遇あり！,https://crowdworks.jp/public/jobs/5736154
261,スマホアプリ内業務系Webシステムの改善サポート,https://crowdworks.jp/public/jobs/5763088
262,身長をその人のデータから算定するようなデータ分析をしたい,https://crowdworks.jp/public/jobs/5762606
263,【カンタン】pythonのコード作成,https://crowdworks.jp/public/jobs/5758586
264,毎月継続的に案件を受けて頂けるサーバーサイドエンジニア募集中！,https://crowdworks.jp/public/jobs/5756163
265,iOS、Androidの開発,https://crowdworks.jp/public/jobs/5754840
266,"アンドロイドアプリを作製してほしいです（米国株の自動折れ線グラフ（PERやPBR。eps,bpsを同時表示）",https://crowdworks.jp/public/jobs/5753913
267,【未経験可】エンジニア向けの記事を執筆してください【1記事1000円】,https://crowdworks.jp/public/jobs/5747283
268,pythonでスクレイピングするツールと出品ツールの開発,https://crowdworks.jp/public/jobs/5744886
269,通信系エンジニアとしてご参画いただける方を募集しております。,https://crowdworks.jp/public/jobs/5744706
270,python + SpeechRecognition にサーバー構築依頼,https://crowdworks.jp/public/jobs/5744160
271,【WEBエンジニア】進行中プロジェクトにて機能追加/不具合修正のサポートいただけるかた【フルリモートOK】,https://crowdworks.jp/public/jobs/5740298
272,ヤフオクの売上金額取得、振込プログラムの開発,https://crowdworks.jp/public/jobs/5740058
273,【日本語での通話必須】スケジュール管理をしながら開発を主導できるエンジニア募集,https://crowdworks.jp/public/jobs/5605438
274,PythonでのSNS(インスタ、Twitter)便利ツールの作成　GUI、ユーザー分析のための機械学習など,https://crowdworks.jp/public/jobs/5449987
275,pythonの学習のコツを教えて下さい！,https://crowdworks.jp/public/jobs/5739305
276,ECサイトへの出稿ツールの作成をお願いいたします。,https://crowdworks.jp/public/jobs/5737426
277,【完全在宅/副収入◎/教育】iPhoneアプリ制作学習をサポートするメンター（講師）業務の募集！,https://crowdworks.jp/public/jobs/5737320
278,【完全在宅/副収入◎/教育】 Python/AI学習をサポートするメンター（講師）業務の募集！（※Pythonのみ応募も可）,https://crowdworks.jp/public/jobs/5737063
279,【完全在宅/副収入◎/教育】 Python/AI学習をサポートするメンター（講師）業務の募集！,https://crowdworks.jp/public/jobs/5737014
280,【完全在宅/副収入◎/教育】Unity学習をサポートするメンター（講師）業務の募集！,https://crowdworks.jp/public/jobs/5737004
281,"OpenCV, Pythonを使用した顔の画像認識APIを作れるエンジニア",https://crowdworks.jp/public/jobs/5734824
282,オペレーション業務管理システムの開発（長期歓迎）,https://crowdworks.jp/public/jobs/5732139
283,サーバーサイドエンジニア募集,https://crowdworks.jp/public/jobs/5731313
284,SEO順位測定・MEO順位測定・サジェスト表示有無確認・CRM・MAツールが一緒になったツール制作,https://crowdworks.jp/public/jobs/5730979
285,"Python, OpenCVを用いた映像処理開発",https://crowdworks.jp/public/jobs/5728880
286,インスタ自動いいねツールへのAI学習機能の組み込み,https://crowdworks.jp/public/jobs/5726852
287,オープンソースVLCプレイヤーをカスタマイズして下さい,https://crowdworks.jp/public/jobs/5719734
288,当社CTソフトへの修正（使いやすく、主にUI）,https://crowdworks.jp/public/jobs/5718522
289,当社CTソフトの追加機能、機能修正,https://crowdworks.jp/public/jobs/5718529
290,スニーカーサイトのリストックモニター開発,https://crowdworks.jp/public/jobs/5716164
291,【未経験可】エンジニア向けの記事を執筆してください【1記事800円】,https://crowdworks.jp/public/jobs/5716139
292,広告クリエイターの検索プラットホームの開発,https://crowdworks.jp/public/jobs/5715498
293,【急募】特定サイトのスクレイピングツール開発,https://crowdworks.jp/public/jobs/5713217
294,pythonを使って出力されるcsvファイルについて出力される期間を絞ってもらうためにpythonコードをいじってもらうだけのお仕事です。,https://crowdworks.jp/public/jobs/5713149
295,CentOS7.7環境でpythonプログラムの自動実行の設定（SJTS）,https://crowdworks.jp/public/jobs/5713523
296,【Python についての記事】ブログ感覚でできるライター募集☆ライター未経験者歓迎！経験者優遇あり！,https://crowdworks.jp/public/jobs/5684358
297,【WEB系技術まとめ記事の作成】ブログ感覚でできるライター募集☆ライター未経験者歓迎！経験者優遇あり！,https://crowdworks.jp/public/jobs/5645237
298,【スタートメンバー募集】マテリアルズインフォマティクス (Materials informatics)のデータサイエンティスト,https://crowdworks.jp/public/jobs/5709215
299,DynamoDBに蓄積された最新の情報をリアルタイムで取得し、ディスプレイに表示させるコンテンツを切り替えるサービス,https://crowdworks.jp/public/jobs/5709463
300,,https://crowdworks.jp/public/jobs/5708427
301,【時給2500円 〜 4500円／フルリモート】SalesTechベンチャーで新サービスを開発したいReactエンジニアを募集！,https://crowdworks.jp/public/jobs/5708456
302,Pythonで株トレードの自動化,https://crowdworks.jp/public/jobs/5707312
303,ネットワーク周りの構築,https://crowdworks.jp/public/jobs/5703601
304,KOTLIN アンドロイド　アプリ開発　カメラ　動画録画,https://crowdworks.jp/public/jobs/5703237
305,レシピやレストラン検索を兼ね備えたホームページの制作依頼,https://crowdworks.jp/public/jobs/5701600
306,【1記事3000円】プログラミング言語に関する解説記事（※テストライティング有り）,https://crowdworks.jp/public/jobs/5699270
307,【案件詳細説明あり！】外部ライターさん用の寄稿用のWebアプリ作成（文章チェック機能付き）,https://crowdworks.jp/public/jobs/5695122
308,会員制動画共有サービスのUI・UXの改善,https://crowdworks.jp/public/jobs/5692200
309,ある監視スクリプトをCentOS7で動かせるようにしてもらいたい,https://crowdworks.jp/public/jobs/5691639
310,サインツールの修正と口座縛り・配布用のBOT作成,https://crowdworks.jp/public/jobs/5689901
311,【完全在宅/副収入◎/教育】iPhoneアプリ制作学習をサポートするメンター（講師）業務の募集！,https://crowdworks.jp/public/jobs/5686629
312,リアルタイム（動画）での人数検知（並んでいる人の数を数える）,https://crowdworks.jp/public/jobs/5682615
313,Selenium・Pythonを利用したウェブブラウザシステムの開発依頼,https://crowdworks.jp/public/jobs/5674786
314,webスクレイピング,https://crowdworks.jp/public/jobs/5672870
315,【完全在宅/副収入◎/教育】 Python/AI学習をサポートするメンター（講師）業務の募集！,https://crowdworks.jp/public/jobs/5673729
316,【完全在宅/副収入◎/教育】Unity学習をサポートするメンター（講師）業務の募集！,https://crowdworks.jp/public/jobs/5673725
317,【案件詳細説明あり！】外部ライターさん用の寄稿用のWebアプリ作成（文章チェック機能付き）,https://crowdworks.jp/public/jobs/5263266
318,【急募・立ち上げメンバー募集】Deep Learning による画像認識と、そのシステムを組み込んだUnityアプリケーションの開発③,https://crowdworks.jp/public/jobs/5670548
319,【急募・立ち上げメンバー募集】Deep Learning による画像認識と、そのシステムを組み込んだUnityアプリケーションの開発②,https://crowdworks.jp/public/jobs/5670535
320,【急募・立ち上げメンバー募集】Deep Learning による画像認識と、そのシステムを組み込んだUnityアプリケーションの開発①,https://crowdworks.jp/public/jobs/5670525
321,【急募・立ち上げメンバー募集】Deep Learning による画像認識と、そのシステムを組み込んだUnityアプリケーションの開発①,https://crowdworks.jp/public/jobs/5668684
322,icloud.comの友達を探す機能のログを取得するツール開発,https://crowdworks.jp/public/jobs/5669129
323,Pythonエンジニア（クローリング・外部API・内部API）,https://crowdworks.jp/public/jobs/5669059
324,製品型式を指定サイトで入力し、返り値を取得するスクレイピングプログラム作成 Python,https://crowdworks.jp/public/jobs/5668772
325,【急募・立ち上げメンバー募集】AIによる画像認識とそれを組み込んだ最先端のwebアプリ開発チームに参加しませんか?,https://crowdworks.jp/public/jobs/5666804
326,【急募・立ち上げメンバー募集】AIによる画像認識とそれを組み込んだ最先端のwebアプリ開発チームに参加しませんか?（obj データ）,https://crowdworks.jp/public/jobs/5666967
327,【急募・立ち上げメンバー募集】AIによる画像認識とそれを組み込んだ最先端のwebアプリ開発チームに参加しませんか?（天球画像）,https://crowdworks.jp/public/jobs/5666963
328,ヤフーショッピング 自動購入ツールの作成,https://crowdworks.jp/public/jobs/5664576
329,専門家紹介サイトの開発,https://crowdworks.jp/public/jobs/5662633
330,【簡単】Google Ads API を使ったシステム依頼,https://crowdworks.jp/public/jobs/5659230
331,自社プロダクトの開発支援／Python/Djangoの開発支援が可能な方を募集します,https://crowdworks.jp/public/jobs/5652444
332,【WEBエンジニア】進行中プロジェクトにて機能追加/不具合修正のサポートいただけるかた【フルリモートOK】,https://crowdworks.jp/public/jobs/5647793
333,【Python についての記事】ブログ感覚でできるライター募集☆ライター未経験者歓迎！経験者優遇あり！,https://crowdworks.jp/public/jobs/4759553
334,PythonやOpenCV等によるグレースケール画像のセグメンテーション,https://crowdworks.jp/public/jobs/5644058
335,Pythonでの学習機能（AI/ディープラーニング）を使ったOCRを用いたデータの読み込みシステムの開発,https://crowdworks.jp/public/jobs/5639640
336,【単純】Google Ads API を使ったシステム依頼,https://crowdworks.jp/public/jobs/5636532
337,GAS、Pythonでのスクレイピングの修正・保守★その他プログラム開発【継続的なお仕事ができる方を募集中】,https://crowdworks.jp/public/jobs/5630361
338,GAS、Pythonでのスクレイピングの修正・保守★その他プログラム開発【継続的なお仕事ができる方を募集中】,https://crowdworks.jp/public/jobs/5630491
339,【簡単な依頼です】TwitterAPI、Pythonについて画面共有しながら教えてください。,https://crowdworks.jp/public/jobs/5627304
340,クラウド型業務管理システムの開発,https://crowdworks.jp/public/jobs/5625880
341,YouTube のコメントを取得するスクリプト作成,https://crowdworks.jp/public/jobs/5623129
342,【1記事3000円】プログラミング言語に関する解説記事（※テストライティング有り）,https://crowdworks.jp/public/jobs/5621795
343,【完全在宅/副収入◎/教育】Unity学習をサポートするメンター（講師）業務の募集！,https://crowdworks.jp/public/jobs/5621165
344,【急募・継続あり】AIによる画像認識と、それを組み込んだwebアプリ開発,https://crowdworks.jp/public/jobs/5620911
345,psychopyによって作成した心理学実験課題をpuvloviaを使って配信,https://crowdworks.jp/public/jobs/5619810
346,IOS　IPHONE　アプリ開発　カメラ　動画録画部分のみ,https://crowdworks.jp/public/jobs/5619691
347,KOTLIN アンドロイド　アプリ開発　カメラ　動画録画,https://crowdworks.jp/public/jobs/5619533
348,【WEB系技術まとめ記事の作成】ブログ感覚でできるライター募集☆ライター未経験者歓迎！経験者優遇あり！,https://crowdworks.jp/public/jobs/5516559
349,LINE、FBチャットアプリ分野のプロダクト開発、フルコミットのみ、外国人リモート可能！ベトナム在住ベトナム人エンジニアなど、大歓迎！,https://crowdworks.jp/public/jobs/5618545
350,人事評価システムのデザイン＆開発（一式）,https://crowdworks.jp/public/jobs/5616317
351,【未経験可】エンジニア向けの記事を執筆してください【1記事800円】,https://crowdworks.jp/public/jobs/5614275
352,既にパイソンのソースプログラムがあるので、exe化をしてほしいです。あとアンドロイドに対応してほしいです。,https://crowdworks.jp/public/jobs/5613441
353,ECサイトへの出稿ツールの作成をお願いいたします。,https://crowdworks.jp/public/jobs/5610574
354,uipath（RPA）の作成物の最適化,https://crowdworks.jp/public/jobs/5611123
355,ECサイトへの出稿ツールの作成をお願いいたします。,https://crowdworks.jp/public/jobs/5513783
356,【完全在宅/副収入◎/教育】 Python/AI学習をサポートするメンター（講師）業務の募集！,https://crowdworks.jp/public/jobs/5609853
357,リモート操作ができるアプリケーション（TeamViewer、Chromeリモート デスクトップ）,https://crowdworks.jp/public/jobs/5560037
358,【簡単な内容です】TwitterAPI、Pythonを用いて、特定のアカウント名に対してリプを飛ばすコードの作成、または、作成支援,https://crowdworks.jp/public/jobs/5606677
359,求人システムのデザイン制作＆システム開発,https://crowdworks.jp/public/jobs/5606175
360,動画共有サービスのUI・UX改善及びシステム面の改善,https://crowdworks.jp/public/jobs/5605121
361,動画共有サービスのUI・UX改善及びシステム面の改善,https://crowdworks.jp/public/jobs/5604839
362,Webアプリ勤怠管理の開発・,https://crowdworks.jp/public/jobs/5604474
363,自動購入bot開発依頼,https://crowdworks.jp/public/jobs/5603188
364,【週1/4時間】プログラミング教室の講師募集,https://crowdworks.jp/public/jobs/5602034
365,Python と　Seleniumを使ってデータ入力をするツール,https://crowdworks.jp/public/jobs/5600243
366,動画共有サービスのUI・UX改善及びログイン機能の改善,https://crowdworks.jp/public/jobs/5598025
367,アンドロイドアプリ　追加機能（カメラによる動画撮影・アップロード）,https://crowdworks.jp/public/jobs/5595730
368,【Python】機械学習で画像認識を行う社内用スクリプトのアップデート（SJTS）,https://crowdworks.jp/public/jobs/5589855
369,PythonでOCRを使ったツールを作りたい,https://crowdworks.jp/public/jobs/5588414
370,【要スキル！】Zabbixインストール・設定用 Ansible Playbook作成,https://crowdworks.jp/public/jobs/5169196
371,エクセル Excel python パイソン マクロ VBA 自動ツール,https://crowdworks.jp/public/jobs/5585772
372,スカウト型の求人サイト,https://crowdworks.jp/public/jobs/5584324
373,【継続案件】プログラミングに関する動画の企画作成｜現役エンジニアの方も大活躍中,https://crowdworks.jp/public/jobs/5581421
374,追加開発　Python Django　API連携(ios/android)及びDjangoによるページ開発,https://crowdworks.jp/public/jobs/5577039
375,サイテーション確認ツールの開発,https://crowdworks.jp/public/jobs/5574853
376,動画共有サービスのUI・UX改善及びログイン機能の改善,https://crowdworks.jp/public/jobs/5569880
377,【完全在宅/副収入◎/教育】 Python/AI学習をサポートするメンター（講師）業務の募集！,https://crowdworks.jp/public/jobs/5571891
378,【完全在宅/副収入◎/教育】Unity学習をサポートするメンター（講師）業務の募集！,https://crowdworks.jp/public/jobs/5571868
379,Reactを使った既存WEBの開発＋UX改善,https://crowdworks.jp/public/jobs/5571764
380,Pythonエンジニア　検索機能設計,https://crowdworks.jp/public/jobs/5571415
381,【Rails】既存トラフィックエクスチェンジサービスのシステム改修,https://crowdworks.jp/public/jobs/5571015
382,【急募】指定のRestAPIにリクエストを送信するSwiftプログラムの作成,https://crowdworks.jp/public/jobs/5570131
383,【未経験可】エンジニア向けの記事を執筆してください【1記事800円】,https://crowdworks.jp/public/jobs/5569043
384,【3～4ヶ月】　SaaSのバックエンド開発支援（テスト期間契約可能）,https://crowdworks.jp/public/jobs/5567040
385,工数管理システム開発　　Googleカレンダー自動連係,https://crowdworks.jp/public/jobs/5566418
386,FC2コンテンツマーケットのサンプル動画のダウンロード自動化,https://crowdworks.jp/public/jobs/5566327
387,Nuxt.js + GraphQLによる SSRアプリ開発(フルリモート),https://crowdworks.jp/public/jobs/5564924
388,Nuxt.js + GraphQLによる SSRアプリ開発(フルリモート),https://crowdworks.jp/public/jobs/5556644
389,画像ベースのPDFの表認識プログラム開発,https://crowdworks.jp/public/jobs/5560740
390,スポットでのシステム開発可能な方。,https://crowdworks.jp/public/jobs/446539
391,[Python] 外部APIを利用した簡易的な検証,https://crowdworks.jp/public/jobs/5563639
392,アプリのリニューアル+APIサーバの構築ができるフルスタックエンジニア募集,https://crowdworks.jp/public/jobs/5562254
393,Excel VBA技術シミュレーション対応,https://crowdworks.jp/public/jobs/5559631
394,スマホアプリの相談,https://crowdworks.jp/public/jobs/5558579
395,fastTextを用いた機械学習（SJTS),https://crowdworks.jp/public/jobs/5557646
396,FC2動画への自動投稿システム,https://crowdworks.jp/public/jobs/5555709
397,【PC操作の自動化】オンラインカジノのPCの操作の自動化をお願いします【ひたすら同じ操作の繰り返し】,https://crowdworks.jp/public/jobs/5555445
398,twitter分析ページ作成,https://crowdworks.jp/public/jobs/5523687
399,IOSアプリ開発の依頼です。なおKOTLINの方が得意であればアンドロイド開発KOTLINでも可能　python　django連携得意な方優先,https://crowdworks.jp/public/jobs/5554568
400,研修ゲームのオンライン化のプログラミング,https://crowdworks.jp/public/jobs/5550894
401,【プログラミング現場経験/ライティング経験】初学者向けエンジニア学習コンテンツ作成担当者急募！,https://crowdworks.jp/public/jobs/5462289
402,【時給3000円 〜 4000円／フルリモートOK◎】SalesTechベンチャーで新サービスを開発したいPythonエンジニアを募集！,https://crowdworks.jp/public/jobs/5549637
403,Second note アプリ開発,https://crowdworks.jp/public/jobs/5548818
404,【簡単なお仕事♬】TwitterのURLからユーザの年齢（30歳以上）を調べてください♬,https://crowdworks.jp/public/jobs/5546465
405,エクセルにデータ抽出作業【急募】,https://crowdworks.jp/public/jobs/5545819
406,アマゾンとShopifyのAPIを使用したツールの作成依頼,https://crowdworks.jp/public/jobs/5389893
407,オフィスワーカー向けプログラミング書籍のヘッダー画像作成（サイズ違い 2点）,https://crowdworks.jp/public/jobs/5542844
408,Pythonエンジニア（新規開発・サイトクローリング・外部API・内部API）,https://crowdworks.jp/public/jobs/5542107
409,弊社サービス運用のSREエンジニア募集,https://crowdworks.jp/public/jobs/5541362
410,【長期案件：パートナー募集】当社システムの保守および開発を長く携わって頂ける方,https://crowdworks.jp/public/jobs/5540573
411,UiPath　シナリオ作成”サポート”遠隔操作＆通話で　min.2～3hr max.2日　RPA未完成シナリオ作成の完成お手伝い募集,https://crowdworks.jp/public/jobs/5537893
412,動画サイト：カメラから動画をアップロードするiphone・アンドロイドアプリ開発,https://crowdworks.jp/public/jobs/5537622
413,オンライン展示会のWebデザイン,https://crowdworks.jp/public/jobs/5535228
414,【ネイティブアプリ操作】マッチングアプリでの足跡残しツールの作成,https://crowdworks.jp/public/jobs/5530186
415,【完全在宅/副収入◎/教育】Unity学習をサポートするメンター（講師）業務の募集！,https://crowdworks.jp/public/jobs/5531967
416,【未経験可】エンジニア向けの記事を執筆してください【1記事800円】,https://crowdworks.jp/public/jobs/5529159
417,【急募】個人間マッチングサイトの作成,https://crowdworks.jp/public/jobs/5527240
418,ワードプレス内にYouTube data apiを使い動画投稿するページの構築,https://crowdworks.jp/public/jobs/5523351
419,youtubeのデータを集めてスプレッドシートに反映するシステムの開発のお仕事です,https://crowdworks.jp/public/jobs/5522695
420,【python】マッチングアプリでの足跡残しツールの作成,https://crowdworks.jp/public/jobs/5522653
421,エクセルにデータ抽出作業　【急募】,https://crowdworks.jp/public/jobs/5522121
422,【継続的にお仕事ができる方優先】GAS、Pythonスクレイピングの修正・保守,https://crowdworks.jp/public/jobs/5520000
423,Webサイトスクレイピング,https://crowdworks.jp/public/jobs/5518320
424,【月額5~10万円】法令リサーチツールの改修作業に関するディレクション・技術アドバイザリー業務,https://crowdworks.jp/public/jobs/5513737
425,【完全在宅/副収入◎/教育】 Python/AI学習をサポートするメンター（講師）業務の募集！,https://crowdworks.jp/public/jobs/5513344
426,行政サービスのスクレイピング,https://crowdworks.jp/public/jobs/5513032
427,【長期参画依頼】自社SaaSのクオリティを担う運用系エンジニア,https://crowdworks.jp/public/jobs/5510578
428,【時給3000円 〜 4000円／フルリモートOK◎】SalesTechベンチャーで新サービスを開発したいバックエンドエンジニアを募集！,https://crowdworks.jp/public/jobs/5510229
429,webサービスの開発,https://crowdworks.jp/public/jobs/5506538
430,製品比較サービスの開発,https://crowdworks.jp/public/jobs/5506080
431,Pythonで某サイトのスクレイピングをお願いします。,https://crowdworks.jp/public/jobs/5505859
432,"【アプリ環境の構築】【報酬5,000~20,000円】【継続の可能性あり】サーバー立てから、djangoアプリ公開サポートと手順書の作成を...",https://crowdworks.jp/public/jobs/5505387
433,【アプリ環境の構築】【報酬1万円】【継続の可能性あり】サーバー立てから、djangoアプリ公開サポートと手順書の作成をお願いします。,https://crowdworks.jp/public/jobs/5504798
434,djangoのチャット機能の手直しを手伝って頂きたいです,https://crowdworks.jp/public/jobs/5504609
435,djangoのチャット機能の手直しを手伝って頂きたいです,https://crowdworks.jp/public/jobs/5504165
436,【Python】検索サイトのスクレイピングの修正プログラム依頼,https://crowdworks.jp/public/jobs/5500428
437,SNS自動ログイン＋フォロープログラムの開発,https://crowdworks.jp/public/jobs/5497853
438,【週1/4時間】プログラミング教室の講師募集,https://crowdworks.jp/public/jobs/5495763
439,【未経験可】エンジニア向けの記事を執筆してください【1記事800円】,https://crowdworks.jp/public/jobs/5488938
440,Googleスプレッドシートの翻訳API日別バッチ実装（日本語、英語、タイ語相互変換）,https://crowdworks.jp/public/jobs/5488451
441,Webサイトのデザインと実装,https://crowdworks.jp/public/jobs/5488257
442,【英語読解力必須】（中長期希望）「法律」✕「テクノロジー」（Legal Tech）の英文記事２つの記事を参考に、日本語記事１本（500〜60...,https://crowdworks.jp/public/jobs/5482448
443,【未経験者歓迎、勉強案件】kotlinとgoogle chrome、アレクサを使ったリマインドアプリの開発,https://crowdworks.jp/public/jobs/5480807
444,毎日のメール自動通知スクリプト土日、祝日非通知化（Google Apps Script）＜日本版、タイ国版の2つ＞,https://crowdworks.jp/public/jobs/5479235
445,"Selenium・Python・HTML,CSSを利用したウェブブラウザシステムの開発依頼",https://crowdworks.jp/public/jobs/5475377
446,【プログラミング初学者・スキルアップしたい方歓迎！マニュアル完備】プログラミング学習しながら記事にしていただく仕事,https://crowdworks.jp/public/jobs/5475747
447,自社システム⇔SaaS群の連携を俯瞰的に考えた、連携アダプターAPIの設計から開発まで,https://crowdworks.jp/public/jobs/5474068
448,【完全在宅/副収入◎/教育】 Python/AI学習をサポートするメンター（講師）業務の募集！,https://crowdworks.jp/public/jobs/5471077
449,【完全在宅/副収入◎/教育】Unity学習をサポートするメンター（講師）業務の募集！,https://crowdworks.jp/public/jobs/5471075
450,予約管理の依頼,https://crowdworks.jp/public/jobs/5464123
451,WEBサイト全般のメンテナンス管理を月額でお任せできる方募集,https://crowdworks.jp/public/jobs/5463074
452,"【1記事3,000円/2,800〜3,200文字】現場で働くフリーランスエンジニアになった方の感想を募集します",https://crowdworks.jp/public/jobs/5461543
453,グラフの挙動含むダッシュボードのWEBデザイン,https://crowdworks.jp/public/jobs/5461925
454,"ハイブリッドスマホアプリ＆PWAアプリ開発　Ionic(Angular, Amplify ... ) + AWS(Appsync, DynamoDB, ElasticSearch...)",https://crowdworks.jp/public/jobs/5458100
455,Pythonによるテキスト処理のスクリプト作成（XML、JSON）,https://crowdworks.jp/public/jobs/5457818
456,【時給3000円 〜 4000円／フルリモートOK◎】SalesTechベンチャーで新サービスを開発したいエンジニアを募集！,https://crowdworks.jp/public/jobs/5457245
457,"週１〜　HTML,CSS,Javascriptの初学者のチューター　オンライン　準備不要",https://crowdworks.jp/public/jobs/5454946
458,【日本語での通話必須】スケジュール管理をしながら開発を主導できるエンジニア募集,https://crowdworks.jp/public/jobs/5383153
459,mmbotの開発,https://crowdworks.jp/public/jobs/5449920
460,囲碁の思考エンジンの開発2回目,https://crowdworks.jp/public/jobs/5449570
461,Swift、kotlinを用いた「TODOアプリ」の開発,https://crowdworks.jp/public/jobs/5449541
462,Pythonのサイト作成,https://crowdworks.jp/public/jobs/5448723
463,プログラミングのコードレビューをしてほしい(Python Flask JavaScript Vue.js),https://crowdworks.jp/public/jobs/5448653
464,■WEBシステム■【ログイン機能エラー修正】【サイトエラー修正】【データーベース移管】【LINEログインツールデータベース設定】,https://crowdworks.jp/public/jobs/5448581
465,"Nuxt.jsを利用した小規模Webアプリケーション開発（SPA）TypeScript, Python",https://crowdworks.jp/public/jobs/5445433
466,自社SaaS開発のサービスAPI連携担当お願いします！【リモート・時間フレキシブル】,https://crowdworks.jp/public/jobs/5444782
467,【未経験可】エンジニア向けの記事を執筆してください,https://crowdworks.jp/public/jobs/5437041
468,外国人求人サイトのアプリとWEBの表示項目追加に伴うUXデザインのお仕事です,https://crowdworks.jp/public/jobs/5436917
469,週3～5、急成長サービスのWebアプリケーション開発チームにジョインして頂ける方募集,https://crowdworks.jp/public/jobs/4446436
470,Webサイトのスクレイピング,https://crowdworks.jp/public/jobs/5432296
471,【未経験者歓迎】kotlinを用いたTODOアプリの作成,https://crowdworks.jp/public/jobs/5429487
472,【完全在宅/副収入◎/教育】Unity学習をサポートするメンター（講師）業務の募集！,https://crowdworks.jp/public/jobs/5427487
473,【完全在宅/副収入◎/教育】 Python/AI学習をサポートするメンター（講師）業務の募集！,https://crowdworks.jp/public/jobs/5427477
474,AI・Python・機械学習の活用 に関するWebメディアのライターを3名募集いたします！,https://crowdworks.jp/public/jobs/5421738
475,スクレイピングツールの作成依頼,https://crowdworks.jp/public/jobs/5420703
476,【スマホアプリ開発（Cordova)】音声通信のiOSとAndroidアプリ開発,https://crowdworks.jp/public/jobs/5386652
477,グローバルIPをWebプロキシ以外で変更する方法の伝授,https://crowdworks.jp/public/jobs/5416376
478,問診データを一括管理するシステム開発,https://crowdworks.jp/public/jobs/5412308
479,オープンソースの音声チャットを使ったバーチャルオフィスシステム（仕事ではなく趣味で付き合ってくれる方募集）,https://crowdworks.jp/public/jobs/5410088
480,【未経験可】エンジニア向けの記事を執筆してください,https://crowdworks.jp/public/jobs/5409435
481,学習済み機械学習(AI)モデルのAPI作成,https://crowdworks.jp/public/jobs/5408851
482,PCのマイクを使ったオフィスにいるかのようなグループ音声通話システム（仕事ではなく趣味で付き合ってくれる方募集）,https://crowdworks.jp/public/jobs/5408015
483,質問サイトにて回答を投稿していただきたいです！「（プログラミングスクール）に関する質問」,https://crowdworks.jp/public/jobs/5404589
484,【リモート可/スタートアップ】ルートセールス向けB2BSaaS新規事業のエンジニアを募集！,https://crowdworks.jp/public/jobs/5391548
485,pythonを使ったチェックツール,https://crowdworks.jp/public/jobs/5394778
486,【相談】pythonでtkinterを使ったプログラムのアプリ化(pyinstaller使用/mac向け)で助けて欲しいです,https://crowdworks.jp/public/jobs/5393794
487,【React JS + OpenCV + Phython】 React JSをつかったアプリケーションへの実装【アプリに実装】,https://crowdworks.jp/public/jobs/5392243
488,【完全在宅/副収入◎/教育】 Python/AI学習をサポートするメンター（講師）業務の募集！,https://crowdworks.jp/public/jobs/5389680
489,【完全在宅/副収入◎/教育】Unity学習をサポートするメンター（講師）業務の募集！,https://crowdworks.jp/public/jobs/5389673
490,【Google検索の操作と情報抽出の自動化】のシステムを開発,https://crowdworks.jp/public/jobs/5387931
491,【Webツール開発】google検索結果の情報を収集するWebツールの作成,https://crowdworks.jp/public/jobs/5387784
492,自社サービス開発のエンジニア(CTO候補),https://crowdworks.jp/public/jobs/5385369
493,"python,selenium等、使用した自動購入ツール",https://crowdworks.jp/public/jobs/5383568
494,ゲームコントローラーのAPI,https://crowdworks.jp/public/jobs/5382757
495,twitter分析ページ作成,https://crowdworks.jp/public/jobs/5356625
496,クライアントとコミュニケーションを取りながら開発を主導できるエンジニア募集,https://crowdworks.jp/public/jobs/5381950
497,【未経験可】エンジニア向けの記事を執筆してください,https://crowdworks.jp/public/jobs/5381409
498,ECサイトのコーディング　楽天・Yahoo,https://crowdworks.jp/public/jobs/5379849
499,データ解析プラットフォームのリーン開発のお手伝いをお願いします,https://crowdworks.jp/public/jobs/5378981
500,pythonデータ分析講師,https://crowdworks.jp/public/jobs/5375340
501,Heroku上のAPI Pythonファイルの修正,https://crowdworks.jp/public/jobs/5374992
502,スクレイピングとAPIを使用したヤフオクと楽天間の同時出品商品の在庫連動(売却時の引き当て) システム化,https://crowdworks.jp/public/jobs/5371857
503,PCのマイクを使ったオフィスにいるかのようなグループ音声通話システム（半分遊びなので興味本位で対応いただける方のみ募集）,https://crowdworks.jp/public/jobs/5371927
504,STM32用のwinアプリ開発,https://crowdworks.jp/public/jobs/5371212
505,知能ロボット用ソフトウェアの開発,https://crowdworks.jp/public/jobs/5371022
506,EラーニングのWEBアプリ開発,https://crowdworks.jp/public/jobs/5370180
507,商品紹介文の作成システムの設計・開発,https://crowdworks.jp/public/jobs/5369758
508,Webサイトのスクレイピング・CSV出力のシステム開発,https://crowdworks.jp/public/jobs/5369241
509,貿易システム開発,https://crowdworks.jp/public/jobs/5365368
510,子供向けオンラインプログラミングスクールのコンテンツ制作（micro:bitを使った電子工作・回路作り）,https://crowdworks.jp/public/jobs/5364523
511,【未経験可】エンジニア向けの記事を執筆してください,https://crowdworks.jp/public/jobs/5364401
512,外部APIを利用したスクリプトの開発！pythonエンジニア募集,https://crowdworks.jp/public/jobs/5362559
513,"Nuxt/Vue, Google App Script, Django Rest Frameworkに詳しい方に是非メンターになって頂きたいです",https://crowdworks.jp/public/jobs/5354262
514,当社CTソフトのビューアー機能作成,https://crowdworks.jp/public/jobs/5354240
515,【完全在宅/副収入◎/教育】Unity学習をサポートするメンター（講師）業務の募集！,https://crowdworks.jp/public/jobs/5354085
516,【完全在宅/副収入◎/教育】AI/Python学習をサポートするメンター（講師）業務の募集！,https://crowdworks.jp/public/jobs/5354057
517,サッカークラブ公式サイトの開発,https://crowdworks.jp/public/jobs/5351357
518,指定サイトのXMLファイルの取得,https://crowdworks.jp/public/jobs/5349633
519,【初心者可】【FX】自動売買アルゴリズムの作成,https://crowdworks.jp/public/jobs/5348223
520,会員制オンライン通話サービスのサイト構築,https://crowdworks.jp/public/jobs/5348087
521,【完全在宅/副収入◎/大学生OK】小中高生にプログラミングを教えよう！オンラインRuby講師の募集！その他言語でもOK！,https://crowdworks.jp/public/jobs/5346618
522,Google Magentaによる自動作曲の方法,https://crowdworks.jp/public/jobs/5343300
523,【長期契約希望】指定3サイトのスクレイピング,https://crowdworks.jp/public/jobs/5342986
524,【副業OK/週10h〜/オンライン】プログラミングの学習をサポートするRubyエンジニアの募集！,https://crowdworks.jp/public/jobs/5341071
525,あるECサイトから商品を仕入れ、別のECサイトへ販売するシステムの開発依頼,https://crowdworks.jp/public/jobs/5339892
526,稼働中の在庫管理システムの改修・メンテナンスを継続的に行って頂ける方,https://crowdworks.jp/public/jobs/5338465
527,Keyshot（3D レンダリングソフト）の作業を自動化するPython　スクリプト開発,https://crowdworks.jp/public/jobs/5338181
528,【至急依頼】グラフの挙動含むダッシュボードのWEBデザイン,https://crowdworks.jp/public/jobs/5337921
529,データ登録サイトの作成,https://crowdworks.jp/public/jobs/5336596
530,【3万円】【報酬は相談】各サイトの管理画面から受注数と在庫数を自動ダウンロードしExcelで自動計算するシステム開発,https://crowdworks.jp/public/jobs/5333347
531,在庫復活通知の自動ツイート,https://crowdworks.jp/public/jobs/5333303
532,awsの家庭教師,https://crowdworks.jp/public/jobs/5331808
533,pythonソースコードの修正のご依頼・その２,https://crowdworks.jp/public/jobs/5330788
534,Pythonソースコードの修正 (修正元ソースは79行),https://crowdworks.jp/public/jobs/5330556
535,【Webツール開発・報酬10万円】Yahoo検索結果の情報を収集するWebツールを作って欲しいです。,https://crowdworks.jp/public/jobs/5329644
536,プログラミング言語《R言語》に関しての記事（1記事）を執筆してください,https://crowdworks.jp/public/jobs/5328262
537,【フリーランスのPythonエンジニアの方】開発のご相談及びご依頼　※法人様は対象外,https://crowdworks.jp/public/jobs/5326785
538,サービス開発のインフラ・バックエンドエンジニア様募集,https://crowdworks.jp/public/jobs/5324951
539,【Webアプリ開発】四分位の組み合わせを探索するアプリケーション,https://crowdworks.jp/public/jobs/5324385
540,【 既存ホームページ(パーソナルジム)の修正以来：携帯＆PC用 】,https://crowdworks.jp/public/jobs/5323448
541,【 既存ホームページ(パーソナルジム)の修正以来：携帯＆PC用 】,https://crowdworks.jp/public/jobs/5323436
542,【 既存ホームページ(パーソナルジム)の修正以来：携帯＆PC用 】,https://crowdworks.jp/public/jobs/5323433
543,【継続予定】【各作業1時間】Webプログラミングの作業依頼　※空き時間・隙間時間にスピーディーに！,https://crowdworks.jp/public/jobs/5321815
544,Pythonを使った既存Macアプリのアップデート（SJTS）,https://crowdworks.jp/public/jobs/5321004
545,Pythonを使った既存MacアプリをSwiftで再作成（SJTS）,https://crowdworks.jp/public/jobs/5311512
546,YouTube（プログラミング動画）のナレーションと動画作成,https://crowdworks.jp/public/jobs/5320650
547,【完全在宅/副収入◎/教育】AI/Python学習をサポートするメンター（講師）業務の募集！,https://crowdworks.jp/public/jobs/5318947
548,Steamのセッション履歴の追跡ツールの開発,https://crowdworks.jp/public/jobs/5317796
549,【フリーランスのPythonエンジニアの方】開発のご相談及びご依頼　※金額は一旦適当に記載しておりますのでご相談させてください,https://crowdworks.jp/public/jobs/5315895
550,,https://crowdworks.jp/public/jobs/5315721
551,Pythonを使った既存MacアプリをSwiftで再作成（SJTS）,https://crowdworks.jp/public/jobs/5314203
552,データスクレイピングの構築,https://crowdworks.jp/public/jobs/5308624
553,【1記事 6000円〜 AIデータサイエンス機械学習Python関係の専門知識を活かした記事が書ける方】,https://crowdworks.jp/public/jobs/5306667
554,Pythonを使った既存Macアプリのアップデート（SJTS）,https://crowdworks.jp/public/jobs/5306273
555,あるECサイトから商品を仕入れ、別のECサイトへ販売するシステムの開発依頼,https://crowdworks.jp/public/jobs/5301227
556,【完全在宅/副収入◎/教育】Unity学習をサポートするメンター（講師）業務の募集！,https://crowdworks.jp/public/jobs/5299535
557,【完全在宅/副収入◎/教育】iPhoneアプリ制作学習をサポートするメンター（講師）業務の募集！,https://crowdworks.jp/public/jobs/5299504
558,【完全在宅/副収入◎/教育】iPhoneアプリ制作学習をサポートするメンター（講師）業務の募集！,https://crowdworks.jp/public/jobs/5296669
559,【完全在宅/副収入◎/教育】Unity学習をサポートするメンター（講師）業務の募集！,https://crowdworks.jp/public/jobs/5296652
560,予約サービスサイトの開発,https://crowdworks.jp/public/jobs/5293126
561,herokuでのPythonの扱い方(Xserver連携),https://crowdworks.jp/public/jobs/5292525
562,求人サイトクローリングプログラムの開発/リモート想定(15-20hの作業見積/時給1500円程度で3万円以内),https://crowdworks.jp/public/jobs/5291668
563,必要事項のスクレイピングシステム実装【継続あり】,https://crowdworks.jp/public/jobs/5289699
564,SaaSの開発チームエンジニア様募集,https://crowdworks.jp/public/jobs/5288786
565,自動予約ツールの改良,https://crowdworks.jp/public/jobs/5286844
566,仮想通貨交換所　ポイント交換機能　提案書作成,https://crowdworks.jp/public/jobs/5285126
567,youtubeのデータを集めてスプレッドシートに反映するシステムの開発のお仕事です。,https://crowdworks.jp/public/jobs/5284911
568,Xserverでのスクレイピング手法のご教示,https://crowdworks.jp/public/jobs/5283359
569,【完全在宅/副収入◎/教育】AI/Python学習をサポートするメンター（講師）業務の募集！,https://crowdworks.jp/public/jobs/5282206
570,pythonを使ったチェックツール,https://crowdworks.jp/public/jobs/5280074
571,中国語サイトのスクレイピング,https://crowdworks.jp/public/jobs/5278830
572,【急募】Excel VBAを使用して、レポート作業を効率化したいです！,https://crowdworks.jp/public/jobs/5278733
573,サイトのスクレイピングツールの開発　Selenium等　Python等,https://crowdworks.jp/public/jobs/5277821
574,Googleアカウントを利用したRADIUS認証サーバーの構築・開発,https://crowdworks.jp/public/jobs/5275814
575,python tkinterを用いた画像スライドショー + レーティング情報 + コメント付与,https://crowdworks.jp/public/jobs/5275666
576,必要事項のスクレイピングシステム実装【継続あり】,https://crowdworks.jp/public/jobs/5275348
577,不動産情報サイトからのスクレイピング、csvへの出力ができるプログラムの作成,https://crowdworks.jp/public/jobs/5273024
578,Google DriveとAmazon S3、Amazon TranscribeのAPI連携による録音音声ファイルの文字起こしおよびGoogle Docs形式での書...,https://crowdworks.jp/public/jobs/5270299
579,業務Webアプリケーションの開発補助,https://crowdworks.jp/public/jobs/5268041
580,"javaスクリプト,Python,Seleniumを利用した出品・価格管理ツールの開発依頼",https://crowdworks.jp/public/jobs/5263080
581,"javaスクリプト,Python,Seleniumを利用した出品・価格管理ツールの開発依頼",https://crowdworks.jp/public/jobs/5263077
582,本の執筆アシスタントを募集,https://crowdworks.jp/public/jobs/5262219
583,【プログラミング学習支援サービス】10〜30行程度の、簡単なアルゴリズム・ソースコードを大量に集めています。,https://crowdworks.jp/public/jobs/5230286
584,AWS lambdaでFTPサーバからファイルを取得してS3へ保存,https://crowdworks.jp/public/jobs/5258557
585,csvファイルを用いた簡易的な管理画面サイト,https://crowdworks.jp/public/jobs/5258975
586,Deep-Learning 人工知能を使って、自動でセキュリティに欠陥を見つけるプログラマ,https://crowdworks.jp/public/jobs/5257456
587,簡単なVPSサーバー構築,https://crowdworks.jp/public/jobs/5257302
588,"【1記事 3,200円】機械系に強いエージェントの紹介記事を書いてください",https://crowdworks.jp/public/jobs/4990451
589,【プログラム】アドミン、代理店、ユーザーの３階層のWEB管理システムの再開発依頼,https://crowdworks.jp/public/jobs/5250860
590,文字単価0.5円　オンライン学習（プログラミング）の記事作成お願いします。,https://crowdworks.jp/public/jobs/5247737
591,ECサイトのデータ収集プログラムの作成,https://crowdworks.jp/public/jobs/5241747
592,自動購入ツール開発,https://crowdworks.jp/public/jobs/5239124
593,【※年収600万円可】国内トップクラス医療系システム会社の連携SE(エンジニア)募集,https://crowdworks.jp/public/jobs/5238574
594,【完全在宅/副収入◎/教育】AI/Python学習をサポートするメンター（講師）業務の募集！,https://crowdworks.jp/public/jobs/5237188
595,必要事項のスクレイピングシステム実装,https://crowdworks.jp/public/jobs/5236238
596,特定分野でのキュレーションサイトの開発依頼,https://crowdworks.jp/public/jobs/5230041
597,【2.5万円】Sendgrid×Firebase×GCPを使ったメール配信機能の実装,https://crowdworks.jp/public/jobs/5181132
598,Pythonによるニュースキュレーションシステムの開発,https://crowdworks.jp/public/jobs/5223138
599,週3～5、急成長自社SaaSサービスのリニューアルに向けたフロントエンドエンジニア募集！,https://crowdworks.jp/public/jobs/4615283
600,,https://crowdworks.jp/public/jobs/4665681
601,ブラウザ操作申し込み自動化ツールのサイトごとカスタマイズ/簡単作業/時給1100円/依頼多量・継続依頼あり/フルリモート/python&s...,https://crowdworks.jp/public/jobs/5211799
602,不動産サイトの構築,https://crowdworks.jp/public/jobs/5201329
603,FX　のヒストリカルデータの取得とデータ加工プログラムの依頼,https://crowdworks.jp/public/jobs/5196438
604,Pythonによるニュースキュレーションシステムの開発,https://crowdworks.jp/public/jobs/4984731
605,必要事項のスクレイピングシステム実装-【継続あり】,https://crowdworks.jp/public/jobs/5191860
606,ルールベースまたは機械学習による類似商品グループ化するためのアルゴリズム開発　約150000 SKU,https://crowdworks.jp/public/jobs/5184466
607,マルチプロセスプログラミングなど、並列プログラミングを用いたシステムの高速化,https://crowdworks.jp/public/jobs/5182497
608,csvファイルを用いた簡易的な管理画面サイト,https://crowdworks.jp/public/jobs/5177295
609,Amazonで特定のASINを巡回・監視して＜ ①Amazon本体の在庫復活のSNS通知／②Amazon本体の在庫切れのSNS通知 ＞の...,https://crowdworks.jp/public/jobs/5168586
610,MT4 インジケータ Zigzagのアルゴリズムのソースレベルでの解説,https://crowdworks.jp/public/jobs/5151863
611,業務システムの処理速度改善対応,https://crowdworks.jp/public/jobs/5148481
612,【完全在宅/副収入◎/教育】AI/Python学習をサポートするメンター（講師）業務の募集！,https://crowdworks.jp/public/jobs/5146353
613,MT4 インジケータ Zigzagのアルゴリズムのソースレベルでの解説,https://crowdworks.jp/public/jobs/5145392
614,【Python】Instagram 自動投稿ツールの開発,https://crowdworks.jp/public/jobs/5145382
615,Pythonコード配布用の秘匿化（exe化、インストーラー作成）,https://crowdworks.jp/public/jobs/5127908
616,輸入商品ドロップシッピングストアの運営,https://crowdworks.jp/public/jobs/5127664
617,python/seleniumを使用して、あるウェブサイトへ繰り返し別々のデータを送信したい,https://crowdworks.jp/public/jobs/5123802
618,出品ツール開発依頼,https://crowdworks.jp/public/jobs/5122636
619,既存サイトのフロントエンド開発、変更,https://crowdworks.jp/public/jobs/5103762
620,【Python】Instagram 自動投稿ツールの開発,https://crowdworks.jp/public/jobs/5102106
621,【Python】BUYMA（バイマ）用 半自動出品ツールの開発,https://crowdworks.jp/public/jobs/5102012
622,Googleスプレッドシートに特定のサイト情報を取得するスクリプトの作成,https://crowdworks.jp/public/jobs/5099849
623,乗降人員取得ツール作成,https://crowdworks.jp/public/jobs/5084522
624,クローリングツールを開発していただける方募集,https://crowdworks.jp/public/jobs/5069442
625,業界特化のマッチングサイトの構築,https://crowdworks.jp/public/jobs/5066666
626,【完全在宅/副収入◎/教育】AI/Python学習をサポートするメンター（講師）業務の募集！,https://crowdworks.jp/public/jobs/5063351
627,【副業/リモート可】急成長中の最先端技術が学べる「プログラミングスクール」の講師募集!!,https://crowdworks.jp/public/jobs/2669970
628,口コミアプリ制作,https://crowdworks.jp/public/jobs/5062323
629,「初級者相手」Pythonプログラマーメンター募集,https://crowdworks.jp/public/jobs/5059698
630,【急募】★プログラム経験者歓迎★ヤフオク出品ツール作成,https://crowdworks.jp/public/jobs/5050709
631,"【報酬：75,000円】<python/DP (動的計画法)>コンテナに積み込む荷物に関する最適化案を提示するプログラミン開発（簡易的なGU...",https://crowdworks.jp/public/jobs/5050258
632,Vueを使ったwebアプリ内での、code highlight機能実装,https://crowdworks.jp/public/jobs/5047841
633,1000円　2000文字　「プログラミングスクール　python」のキーワードでの記事作成,https://crowdworks.jp/public/jobs/5046059
634,★プログラム経験者歓迎★ ヤフオク出品ツール作成,https://crowdworks.jp/public/jobs/5024091
635,Pythonを使ったデータ分析【自然言語処理案件2】,https://crowdworks.jp/public/jobs/5020387
636,【5万円】自然言語処理でのコンテンツ分類プログラムの開発(AI/機械学習/Python)と、アウトプットのレクチャー,https://crowdworks.jp/public/jobs/5019213
637,データ分析や機械学習について教えて下さい,https://crowdworks.jp/public/jobs/5016408
638,【Python・Django】WEBサイトのエラー修正依頼,https://crowdworks.jp/public/jobs/4998563
639,Pythonを使ったデータ分析【自然言語処理案件】,https://crowdworks.jp/public/jobs/4976705
640,デザインの崩れ修正【画像が見えない】～django,https://crowdworks.jp/public/jobs/4973053
641,【フリーランスエンジニア向け記事の作成】ブログ記事作成☆ライター未経験者歓迎！,https://crowdworks.jp/public/jobs/4968130
642,Pythonで開発したシステムの修正,https://crowdworks.jp/public/jobs/4952058
643,組織図作成,https://crowdworks.jp/public/jobs/4950842
644,指定のECサイトから商品データを抽出するスクレイピングシステム開発,https://crowdworks.jp/public/jobs/4950662
645,【各プラグラミング言語のインストール方法や環境構築の記事作成】ブログ感覚でできるライター募集☆ライター未経験者歓迎！経験者...,https://crowdworks.jp/public/jobs/4791737
646,AIカルタのイラストデザイン作成依頼,https://crowdworks.jp/public/jobs/4922036
647,【C#、Python，VBA】【改造案件】Webスクレイピングでデータを取得して、決まったルールで加工するツール作成,https://crowdworks.jp/public/jobs/4933744
648,プログラミング言語の種類についての紹介記事【2000文字/500円】,https://crowdworks.jp/public/jobs/4929863
649,【完全在宅/副収入◎】AI/Python学習をサポートするメンター（講師）業務の募集！,https://crowdworks.jp/public/jobs/4905150
650,自動メール送信プログラム,https://crowdworks.jp/public/jobs/4899069
651,既存システムの改修（analytics api管理画面の反映）,https://crowdworks.jp/public/jobs/4896503
652,DeepLearning(Pythonコード）からSwift に移植,https://crowdworks.jp/public/jobs/4873162
653,未来を見据えた教育アプリの開発を行うプロジェクトマネージャーを募集！,https://crowdworks.jp/public/jobs/4836449
654,Pythonによるニュースキュレーションシステムの開発,https://crowdworks.jp/public/jobs/3996825
655,DevOpsエンジニア募集！チャレンジングな環境で、思う存分あなたの経験を発揮してみませんか？,https://crowdworks.jp/public/jobs/4805828
656,Tableauでの開発経験を活かしたいBIエンジニア募集,https://crowdworks.jp/public/jobs/4805722
657,制御ソフトウェア開発｜知能ロボット用｜勤務時間場所応相談,https://crowdworks.jp/public/jobs/4790809
658,【完全在宅/副収入◎】AI/Python学習をサポートするメンター（講師）業務の募集！,https://crowdworks.jp/public/jobs/4790474
659,ウェブサイトのスクレイピングシステム,https://crowdworks.jp/public/jobs/6076602
660,【Python】動画テロップの自動化,https://crowdworks.jp/public/jobs/6072053
661,マッチングサイト,https://crowdworks.jp/public/jobs/2184095
662,マッチングサイト,https://crowdworks.jp/public/jobs/2184084
663,動画配信サイト構築のデザイン組み込み,https://crowdworks.jp/public/jobs/2066930
664,ECサイトのWebデザイン,https://crowdworks.jp/public/jobs/2024606
665,CMSのWebデザイン制作,https://crowdworks.jp/public/jobs/1974647
666,マッチングサイト制作,https://crowdworks.jp/public/jobs/1960947
667,輸入商品ドロップシッピングストアの運営　中国輸入が誰でも簡単に出来ます,https://crowdworks.jp/public/jobs/5170912
668,【Python】動画カットの自動化,https://crowdworks.jp/public/jobs/6072033
669,マッチングサイトの構築,https://crowdworks.jp/public/jobs/6035171
670,iタウンページのスクレイピングをしたい,https://crowdworks.jp/public/jobs/6028784
671,Webスクレイピングするスクリプトの開発,https://crowdworks.jp/public/jobs/6027267
672,フルリモートで弊社の受託開発を手伝ってください！,https://crowdworks.jp/public/jobs/5971119
673,仮想通貨自動売買システム(フルリモート開発業務),https://crowdworks.jp/public/jobs/5962796
674,【Python/C言語/Javascript/Rubyが扱う人歓迎/昇給あり】1記事2000円スタート！タイトルに沿ったAI（人工知能）の内容を調べて...,https://crowdworks.jp/public/jobs/2891225
675,【完全在宅/副収入◎/教育】Unity学習をサポートするメンター（講師）業務の募集！,https://crowdworks.jp/public/jobs/5920084
676,Selenium・PythonでECサイトをクローリングするプログラムの開発依頼,https://crowdworks.jp/public/jobs/5906368
677,かんたん：djangoの修正とdockerコンポーズ,https://crowdworks.jp/public/jobs/5875247
678,請求書発行ツール開発の依頼,https://crowdworks.jp/public/jobs/5874582
679,【スクレイピングのご依頼】指定したwebサイトからスクレイピングを用いて情報を取集,https://crowdworks.jp/public/jobs/5871330
680,【急募】特定サイトのスクレイピングツール開発,https://crowdworks.jp/public/jobs/5838107
681,【継続案件可】Webスクレイピングにより、データ取得＆表示する業務,https://crowdworks.jp/public/jobs/5813593
682,【すぐできる人・カンタン】pythonコード編集,https://crowdworks.jp/public/jobs/5789078
683,リモート操作ができるアプリケーション（TeamViewer、Chromeリモート デスクトップ）,https://crowdworks.jp/public/jobs/5780508
684,python　CSVファイル結合させるコードを組んで欲しい,https://crowdworks.jp/public/jobs/5730027
685,ソフトウエアのサブスク販売するためのライセンス管理するシステムの制作,https://crowdworks.jp/public/jobs/5713411
686,動画の無音部分を削除してテロップ部分を書き出すシステムの開発のお仕事です,https://crowdworks.jp/public/jobs/5700914
687,youtubeの無音部分を集めて削除してテロップ部分を書き出すシステムの開発のお仕事です,https://crowdworks.jp/public/jobs/5692081
688,【簡単】Google Ads API を使ったシステム依頼,https://crowdworks.jp/public/jobs/5672384
689,自社開発ツール不具合の修正のご依頼,https://crowdworks.jp/public/jobs/5646886
690,副業可能！　受注発注ストアの運営　必要資金ゼロ　連絡こまめな方希望,https://crowdworks.jp/public/jobs/5421765
691,音楽作成Aiの機能追加編集,https://crowdworks.jp/public/jobs/5619497
692,【2万円】スクレイピングでアフィリエイトプログラムの一覧を取得,https://crowdworks.jp/public/jobs/5611906
693,Python 3 で ＳＮＳサイト・クローリング & スクレイピング,https://crowdworks.jp/public/jobs/5610508
694,指定ECサイトからAPIを使用して商品データを抽出するシステム開発,https://crowdworks.jp/public/jobs/5157701
695,【5万円/月】【フルリモート】【継続あり】Firebase+GCP(Python)環境のプログラム開発/修正,https://crowdworks.jp/public/jobs/5579654
696,pythonスクレイピングによるAmazon自動検索システムの修正,https://crowdworks.jp/public/jobs/5578159
697,スクレイピング対策をパスするコードの募集,https://crowdworks.jp/public/jobs/5576988
698,賃貸サイトをスクレイピングするプログラム開発,https://crowdworks.jp/public/jobs/5575569
699,作業時間管理webサービスの作成,https://crowdworks.jp/public/jobs/5561736
700,【急募】パチンコ情報サイトのスクレイピング,https://crowdworks.jp/public/jobs/5558855
701,【Python】機械学習で画像認識を行う社内用スクリプトのアップデート（SJTS）,https://crowdworks.jp/public/jobs/5556229
702,pythonでのスクレイピングをお願いします。,https://crowdworks.jp/public/jobs/5542875
703,【ネイティブアプリ操作】エミュレータ等を用いた自動操作ツールの作成,https://crowdworks.jp/public/jobs/5535063
704,Javascript(Jquery)のコーディング、開発等をしていただくお仕事になります。,https://crowdworks.jp/public/jobs/5534872
705,Javascript(Jquery)のコーディング、開発をしていただくお仕事になります。,https://crowdworks.jp/public/jobs/5532357
706,必要事項のスクレイピング実施,https://crowdworks.jp/public/jobs/5054594
707,youtubeのデータを集めてスプレッドシートに反映するシステムの開発のお仕事です,https://crowdworks.jp/public/jobs/5523848
708,fastTextを用いた機械学習（SJTS),https://crowdworks.jp/public/jobs/5522251
709,スクレイピングで特定の顧客情報を取得するログイン機能付きのシステムの開発,https://crowdworks.jp/public/jobs/5512689
710,ECサイトのスクレイピングツール,https://crowdworks.jp/public/jobs/5485110
711,"【報酬：100,000円】<Java(jquery),PHP,SQL>最適化ロジックの作成とデータベース作成、GUIの作成",https://crowdworks.jp/public/jobs/5418404
712,【本日急募！】excelデータの正規化（データの挿入）,https://crowdworks.jp/public/jobs/5460337
713,"Selenium・Python・HTML,CSSを利用したウェブブラウザシステムの開発依頼",https://crowdworks.jp/public/jobs/5438980
714,[起業]Webサービス開発のお願い,https://crowdworks.jp/public/jobs/5436879
715,あるECサイトから商品を仕入れ、別のECサイトへ販売するシステムの開発依頼,https://crowdworks.jp/public/jobs/5355484
716,ウェブアプリシステムの開発・運営,https://crowdworks.jp/public/jobs/5049161
717,ebay ヤフオク 管理ツール エクセル python ファイルエクスチェンジ,https://crowdworks.jp/public/jobs/5350394
718,Excelマクロで稼働しているスクレイピングツールと同じ機能のPCインストール型のツールの開発をお願いしたいです。,https://crowdworks.jp/public/jobs/5347331
719,【 急募 】python アプリ開発,https://crowdworks.jp/public/jobs/4973549
720,【ディープラーニング】AI解析モデルの作成について（日経平均）,https://crowdworks.jp/public/jobs/5321303
721,ページが複数あるサイトへの検索できるソフトウェアの作成,https://crowdworks.jp/public/jobs/5314385
722,Amazon ヤフオク データ収集スクレイピングツール　作成の依頼,https://crowdworks.jp/public/jobs/5284487
723,特定のサイトに自動アクセスするツールの作成をお願いします。,https://crowdworks.jp/public/jobs/5250149
724,必要事項のスクレイピングシステム実装【継続あり】,https://crowdworks.jp/public/jobs/5235881
725,プログラマーマッチングプラットフォーム構築,https://crowdworks.jp/public/jobs/5231669
726,YOUTUBEのような有料動画SNSサイト,https://crowdworks.jp/public/jobs/5213747
727,APKのデコンパイルとメソッドの復元,https://crowdworks.jp/public/jobs/5195817
728,必要事項のスクレイピングシステム実装,https://crowdworks.jp/public/jobs/5173428
729,Web開発：Pythonを使った簡単なスクレイピング処理とそのサーバ構築をお願いいたします。,https://crowdworks.jp/public/jobs/5155916
730,pythonを使った3言語CMS開発,https://crowdworks.jp/public/jobs/5151971
731,アプリ開発の開発工数を教えて下さい（予備調査）,https://crowdworks.jp/public/jobs/5145453
732,【継続】mac必須、こちらが用意したpythonプログラムの実行、google spreadsheetの編集作業、その他軽作業,https://crowdworks.jp/public/jobs/5137072
733,YOUTUBEのような動画SNSサイト,https://crowdworks.jp/public/jobs/5095014
734,Googleスプレッドシートに特定のサイト情報を取得するスクリプトの作成,https://crowdworks.jp/public/jobs/5094364
735,csvファイルを用いた簡易的な管理画面サイト,https://crowdworks.jp/public/jobs/5088945
736,IT業界マッチングサイトの構築,https://crowdworks.jp/public/jobs/5067334
737,"【報酬：75,000円】<python/DP (動的計画法)>コンテナに積み込む荷物に関する最適化案を提示するプログラミン開発（簡易的なGU...",https://crowdworks.jp/public/jobs/5050289
738,ウェブアプリシステムの開発・運営,https://crowdworks.jp/public/jobs/4937729
739,エクセルとwebアプリの連携,https://crowdworks.jp/public/jobs/5009675
740,Python/AI学習のメンター募集,https://crowdworks.jp/public/jobs/4996644
741,【3万円】自然言語処理でのコンテンツ分類プログラムの開発(AI/機械学習/Python)と、アウトプットのレクチャー,https://crowdworks.jp/public/jobs/4967654
742,Pythonで作ったSNS自動化システムの修正,https://crowdworks.jp/public/jobs/4959603
743,Python 3 で Webクローリング & スクレイピング+占い風アプリ開発,https://crowdworks.jp/public/jobs/1987669
744,動画簡易自動製作（python　などで開発を想定）,https://crowdworks.jp/public/jobs/2048594
745,Pythonを用いた画像処理スクリプトの開発,https://crowdworks.jp/public/jobs/4928411
746,SeleniumでECサイトのスクレイピング、CSVで吐き出し、繰り返し処理,https://crowdworks.jp/public/jobs/4856545
747,スポーツサイト（バスケットボール）の得点状況を監視し、指定した条件が発生した時にアラートをかけるシステムを作って欲しいです。,https://crowdworks.jp/public/jobs/4847423
748,IoT x Wi-SUN x Echonet Lite アプリの開発,https://crowdworks.jp/public/jobs/4803570
749,ソーシャルアプリ開発,https://crowdworks.jp/public/jobs/4781650
750,CMSのデザイン組み込み,https://crowdworks.jp/public/jobs/2074427
751,WEBサイト内情報のCSV化するPythonWEBスクレイピング,https://crowdworks.jp/public/jobs/5595804
752,Pythonでサイトからスクレイピングをして、CSVにして出力する,https://crowdworks.jp/public/jobs/5569198
753,Python3 seleniumを利用したTwitterの自動ロック解除システムの開発依頼,https://crowdworks.jp/public/jobs/5353519
754,自社の自動ログイン・出品システムへのcsvダウンロード機能追加と、DLしたcsvファイルの集計処理自動化,https://crowdworks.jp/public/jobs/5251817
755,既にあるモニターをベースに監視先をTwitterに切り替え監視し、監視していたアカウントが呟い場合webhookにてDiscordにとばす,https://crowdworks.jp/public/jobs/5104820
756,"【報酬：75,000円】<python/DP (動的計画法)>コンテナに積み込む荷物に関する最適化案を提示するプログラミン開発（簡易的なGU...",https://crowdworks.jp/public/jobs/5050238
757,【副業/リモート可】急成長中の最先端技術が学べる「プログラミングスクール」の講師募集!!,https://crowdworks.jp/public/jobs/2949402
758,マッチングサイト,https://crowdworks.jp/public/jobs/2184098
